{
  "nominatim:liavegen, 4735 evje, norway": [
    58.5892521,
    7.7909562
  ],
  "nominatim:eikenveien 278, 4596 eiken, norway": [
    58.4762783,
    7.219205
  ],
  "nominatim:4480 kvinesdal, norway": [
    58.3489697,
    6.9789258
  ],
  "nominatim:4558 vanse, norway": [
    58.0981546,
    6.6912726
  ],
  "nominatim:oksevollveien 4, 4514 mandal, norway": [
    58.0327032,
    7.4459667
  ],
  "nominatim:4816 kolbjørnsvik, norway": [
    58.4521765,
    8.7682595
  ],
  "nominatim:grønningveien 31, 4950 risør, norway": [
    58.7172933,
    9.2194149
  ],
  "nominatim:4575 lyngdal, norway": [
    58.1379878,
    7.0685965
  ],
  "nominatim:4685 nodeland, norway": [
    58.1551373,
    7.8357952
  ],
  "nominatim:4681 søgne, norway": [
    58.0953248,
    7.7893494
  ],
  "nominatim:4703 vennesla, norway": [
    58.2693934,
    7.9724792
  ],
  "nominatim:elias smiths vei 1, 1337 sandvika, norway": [
    59.89268,
    10.520876
  ],
  "nominatim:boksrudvegen 51, 2080 eidsvoll, norway": [
    60.3285023,
    11.1905061
  ],
  "nominatim:prestegårdsveien 2, 1912 enebakk, norway": [
    59.7638853,
    11.145607
  ],
  "nominatim:faldalsveien 60, 1900 fetsund, norway": [
    59.9355926,
    11.1645348
  ],
  "nominatim:fjellhamarveien 56,, 1472 fjellhamar, norway": [
    59.9404636,
    10.9850974
  ],
  "nominatim:1448 drøbak, norway": [
    59.6679173,
    10.6565363
  ],
  "nominatim:hagavegen 30, 1929 auli, norway": [
    60.0576296,
    11.391242
  ],
  "nominatim:stortorget 24, 2000 lillestrøm, norway": [
    59.958677,
    11.05184
  ],
  "nominatim:2034 holter, norway": [
    60.2780694,
    11.1744722
  ],
  "nominatim:fjellklangveien 3, 1406 ski, norway": [
    59.727553,
    10.827084
  ],
  "nominatim:1451 nesoddtangen, norway": [
    59.8561452,
    10.6616211
  ],
  "nominatim:langbakken 20, 1430 ås, norway": [
    59.6694018,
    10.795219
  ],
  "nominatim:3044 drammen, norway": [
    59.7363513,
    10.2087233
  ],
  "nominatim:3621 lampeland, norway": [
    59.8350302,
    9.5803482
  ],
  "nominatim:3580 geilo, norway": [
    60.5337182,
    8.2089732
  ],
  "nominatim:klemmavegen 10, 3550 gol, norway": [
    60.6951602,
    8.9250595
  ],
  "nominatim:midtre sundvollia 10, 3535 krøderen, norway": [
    60.120896,
    9.789246
  ],
  "nominatim:ringeriksveien 292, 3406 tranby, norway": [
    59.8239274,
    10.2550912
  ],
  "nominatim:3577 hovet, norway": [
    60.6222113,
    8.1530764
  ],
  "nominatim:3371 vikersund, norway": [
    59.9660881,
    9.994865
  ],
  "nominatim:3050 mjøndalen, norway": [
    59.743911,
    10.0196705
  ],
  "nominatim:soknedalsveien 25, 3517 hønefoss, norway": [
    60.1712643,
    10.2403099
  ],
  "nominatim:3570 ål, norway": [
    60.6571592,
    8.4862624
  ],
  "nominatim:3631 rødberg, norway": [
    60.2671938,
    8.9475426
  ],
  "nominatim:oppsjøvegen 1, 3570 ål, norway": [
    60.6277454,
    8.5675964
  ],
  "nominatim:3321 vestfossen, norway": [
    59.7336724,
    9.8673197
  ],
  "nominatim:9991 båtsfjord, norway": [
    70.6352868,
    29.7213503
  ],
  "nominatim:9615 hammerfest, norway": [
    70.6628361,
    23.6831069
  ],
  "nominatim:9593 breivikbotn, norway": [
    70.5886731,
    22.2871516
  ],
  "nominatim:9690 havøysund, norway": [
    70.9963105,
    24.6609576
  ],
  "nominatim:kifjordsletta 72, 9790 kjøllefjord, norway": [
    70.937343,
    27.395821
  ],
  "nominatim:9521 kautokeino, norway": [
    69.0124212,
    23.0413193
  ],
  "nominatim:bognelvdalen 30, 9545 langfjordbotn, norway": [
    70.0166688,
    22.3083038
  ],
  "nominatim:9711 lakselv, norway": [
    70.0524983,
    24.9606571
  ],
  "nominatim:9770 mehamn, norway": [
    71.0389923,
    27.8517589
  ],
  "nominatim:9771 skjånes, norway": [
    70.7998884,
    28.0975593
  ],
  "nominatim:9840 varangerbotn, norway": [
    70.1727894,
    28.5556913
  ],
  "nominatim:9540 talvik, norway": [
    70.0424667,
    22.950196
  ],
  "nominatim:9915 kirkenes, norway": [
    69.7271478,
    30.0448971
  ],
  "nominatim:9951 vardø, norway": [
    70.3701861,
    31.1077198
  ],
  "nominatim:2381 brumunddal, norway": [
    60.884916,
    10.9418392
  ],
  "nominatim:2580 folldal, norway": [
    62.1323961,
    10.002538
  ],
  "nominatim:brugata 3 a, 2380 brumunddal, norway": [
    60.8855251,
    10.9395008
  ],
  "nominatim:2409 elverum, norway": [
    60.9028663,
    11.5642522
  ],
  "nominatim:røde kors vegen 4, 2208 kongsvinger, norway": [
    60.184866,
    12.005265
  ],
  "nominatim:brennerivegen 10, 2340 løten, norway": [
    60.8266726,
    11.3054908
  ],
  "nominatim:2315 hamar, norway": [
    61.07741,
    11.131296
  ],
  "nominatim:2350 nes på hedmarken, norway": [
    60.762299,
    10.9416396
  ],
  "nominatim:2550 os i østerdalen, norway": [
    62.496396,
    11.2233111
  ],
  "nominatim:storgata 31, 2390 moelv, norway": [
    60.940567,
    10.692829
  ],
  "nominatim:2485 rendalen, norway": [
    61.7095241,
    11.3164799
  ],
  "nominatim:kirkevegen 3, 2335 stange, norway": [
    60.7175978,
    11.1884438
  ],
  "nominatim:atnaveien 124, 2480 koppang, norway": [
    61.5795469,
    11.02481
  ],
  "nominatim:flendalsvegen 194, 2420 trysil, norway": [
    61.3308094,
    12.243854
  ],
  "nominatim:kåtorpgrenda 31, 2322 ridabu, norway": [
    60.811954,
    11.1459003
  ],
  "nominatim:2540 tolga, norway": [
    62.3715699,
    11.100816
  ],
  "nominatim:frøyas gate 6, 2270 flisa, norway": [
    60.610625,
    12.005759
  ],
  "nominatim:2501 tynset, norway": [
    62.2742908,
    10.7768676
  ],
  "nominatim:skulehushaugen 5, 5392 storebø, norway": [
    60.096894,
    5.226806
  ],
  "nominatim:5879 bergen, norway": [
    60.3943055,
    5.3259192
  ],
  "nominatim:5721 dalekvam, norway": [
    60.5899527,
    5.8211245
  ],
  "nominatim:bomlo, norway": [
    59.8011502,
    5.1866408
  ],
  "nominatim:5786 eidfjord, norway": [
    60.4667799,
    7.0701188
  ],
  "nominatim:stadionvegen 6, 5590 etne, norway": [
    59.668545,
    5.943332
  ],
  "nominatim:5719 finse, norway": [
    60.60301,
    7.5020162
  ],
  "nominatim:5732 modalen, norway": [
    60.8147118,
    5.8022421
  ],
  "nominatim:blombakkane 17, 5354 straume, norway": [
    60.3628449,
    5.1168893
  ],
  "nominatim:damsgårdsveien 221, 5160 laksevåg, norway": [
    60.3874449,
    5.2976395
  ],
  "nominatim:5640 eikelandsosen, norway": [
    60.2407343,
    5.7450954
  ],
  "nominatim:5782 kinsarvik, norway": [
    60.3757875,
    6.7196524
  ],
  "nominatim:kolskogheiane 8, 5206 os, norway": [
    60.198105,
    5.4433207
  ],
  "nominatim:5914 isdalstø, norway": [
    60.5553217,
    5.2693625
  ],
  "nominatim:5600 norheimsund, norway": [
    60.3712494,
    6.145961
  ],
  "nominatim:5282 lonevåg, norway": [
    60.5255611,
    5.4956333
  ],
  "nominatim:5402 stord, norway": [
    59.7809398,
    5.5005712
  ],
  "nominatim:gjerstad, 5680 tysnes, norway": [
    60.0417831,
    5.5364471
  ],
  "nominatim:naustbakken 3, 5770 tyssedal, norway": [
    60.1191434,
    6.5560633
  ],
  "nominatim:5371 skogsvåg, norway": [
    60.2617323,
    5.110015
  ],
  "nominatim:5731 ulvik, norway": [
    60.5677975,
    6.9165306
  ],
  "nominatim:5705 voss, norway": [
    60.6347028,
    6.440392
  ],
  "nominatim:5713 vossestrand, norway": [
    60.7918472,
    6.5085056
  ],
  "nominatim:5337 rong, norway": [
    60.5139549,
    4.9093996
  ],
  "nominatim:5604 øystese, norway": [
    60.386689,
    6.2007782
  ],
  "nominatim:5614 ålvik, norway": [
    60.4312911,
    6.4324249
  ],
  "nominatim:skodjevegen 427, 6260 skodje, norway": [
    62.5037721,
    6.6979934
  ],
  "nominatim:sylteråket 11, 6391 tresfjord, norway": [
    62.5218631,
    7.1201805
  ],
  "nominatim:6282 brattvåg, norway": [
    62.599812,
    6.444248
  ],
  "nominatim:steinholtvegen 3, 6240 ørskog, norway": [
    62.482227,
    6.825874
  ],
  "nominatim:6283 vatne, norway": [
    62.5583261,
    6.6171047
  ],